代码,名称,买入日期,买入价,数量,当前价,MA5,跌破MA5天数,备注
600176,中国巨石,2026-07-03,71.47279999999999,100,70.9,71.30999999999999,0,由交易记录自动生成
